ratio,name
1.0000114484409592,MgI_2026/MgI_2026
1.0001859730516756,MgI_2026/ZnII_2026
1.0001974236217364,MgI_2026/ZnII_2026
1.000242459509262,ZnII_2063/CrII_2062
1.000330232814134,SiII_1818*/SiII_1817*
1.0003833180006134,OI_1305*/SiII_1304
1.000842976473293,OI_1306*/OI_1305*
1.0008992131884602,CII_1335*/CII_1334
1.0012266176019624,OI_1306*/SiII_1304
1.0016793695904922,CIV_1550/CIV_1548
1.001689448625403,SiII_1304/OI_1302
1.0020734142220857,OI_1305*/OI_1302
1.002196955097321,FeII_2600/MnII_2594
1.002422890546881,MnII_2606/FeII_2600
1.0025267993874425,SiII_1309*/OI_1306*
1.0025748310267137,MgII_2804/MgII_2796
1.0027356379010195,FeII_1613*/FeII_1608
1.0028692311433154,CrII_2062/CrII_2056
1.0029181385347872,OI_1306*/OI_1302
1.0030154250589556,MnII_2594/FeII_2587
1.0031123863249525,ZnII_2063/CrII_2056
1.003228931223765,NV_1243/NV_1239
1.0033719058931718,SiII_1309*/OI_1305*
1.0034954727311014,FeII_2383/FeII_2374
1.0037565164060103,SiII_1309*/SiII_1304
1.0038030191315146,FeII_2587/MnII_2577
1.0043672831185635,AlIII_1863/AlIII_1855
1.0043885504683303,SiII_1533*/SiII_1527
1.0046251686259395,MnII_2606/MnII_2594
1.0048446597626561,FeII_2261/FeII_2250
1.0049225663716814,SiII_1817*/SiII_1808
1.0052190049097305,FeII_2600/FeII_2587
1.0052544247787611,SiII_1818*/SiII_1808
1.005452311472892,SiII_1309*/OI_1302
1.006457630767023,SiIV_1403/SiIV_1394
1.0068299119096589,MnII_2594/MnII_2577
1.0076545405342716,MnII_2606/FeII_2587
1.0088441598048186,CaII_3970/CaII_3935
1.0090418720167642,FeII_2600/MnII_2577
1.0096517542715533,CIV_1548/SiII_1533*
1.011347332724664,CIV_1550/SiII_1533*
1.0114866700298808,MnII_2606/MnII_2577
1.0119607184824577,FeII_2411*/FeII_2383
1.0129255183004864,FeII_2374/FeII_2344
1.0140826619506125,CIV_1548/SiII_1527
1.0141615706469265,SiII_1260/NV_1243
1.0147051566740686,CrII_2056/MgI_2026
1.014716773466146,CrII_2056/MgI_2026
1.0149054834410938,CrII_2056/ZnII_2026
1.015497999578859,FeII_2411*/FeII_2374
1.0157856815353377,CIV_1550/SiII_1527
1.0164661718283425,FeII_2383/FeII_2344
1.0174362286083307,SiII_1260/NV_1239
1.0176165803108808,CrII_2062/MgI_2026
1.0176282304342197,CrII_2062/MgI_2026
1.0176434028892456,MgI_2853/MgII_2804
1.0178174818617047,CrII_2062/ZnII_2026
1.0178633111275597,ZnII_2063/MgI_2026
1.0178749640755818,ZnII_2063/MgI_2026
1.018064261388875,ZnII_2063/ZnII_2026
1.018717828731867,NiII_1742/NiII_1710
1.0192469258382342,CII_1334/SiII_1309*
1.0201634461162454,CII_1335*/SiII_1309*
1.0202636626971353,MgI_2853/MgII_2796
1.0204676753782669,AlIII_1855/SiII_1818*
1.0208046672904398,AlIII_1855/SiII_1817*
1.021822358346095,CII_1334/OI_1306*
1.0226837305540655,CII_1334/OI_1305*
1.022741194486983,CII_1335*/OI_1306*
1.023075743636921,CII_1334/SiII_1304
1.0232224084271007,NiII_1710/AlII_1671
1.0236033412522032,CII_1335*/OI_1305*
1.0239957068383931,CII_1335*/SiII_1304
1.024804177545692,CII_1334/OI_1302
1.0249243466299862,AlIII_1863/SiII_1818*
1.0252628102812482,AlIII_1863/SiII_1817*
1.02572569497773,CII_1335*/OI_1302
1.0258296460176992,AlIII_1855/SiII_1808
1.0286238375565226,FeII_2411*/FeII_2344
1.0303097345132743,AlIII_1863/SiII_1808
1.033164074896858,OI_1302/SiII_1260
1.0349095525230085,SiII_1304/SiII_1260
1.0353062519834972,OI_1305*/SiII_1260
1.0359623015873016,AlII_1671/FeII_1613*
1.0361789907965724,OI_1306*/SiII_1260
1.0368895966029723,FeII_2344/FeII_2261
1.037142120196028,FeII_1608/CIV_1550
1.0381258612769868,SiII_1808/NiII_1742
1.0387963193235512,AlII_1671/FeII_1608
1.038797207235798,SiII_1309*/SiII_1260
1.0388838651337038,FeII_1608/CIV_1548
1.03997936548878,FeII_1613*/CIV_1550
1.0417258752099212,FeII_1613*/CIV_1548
1.0419129739099515,FeII_2344/FeII_2250
1.0423749102226478,NiII_1742/AlII_1671
1.0432361047312817,SiII_1817*/NiII_1742
1.043422924309351,SiIV_1394/CII_1335*
1.0435806155259533,SiII_1818*/NiII_1742
1.0443611839640314,SiIV_1394/CII_1334
1.0477953009333763,OI_1302/NV_1243
1.0489109169166557,FeII_1608/SiII_1533*
1.049565497264242,SiII_1304/NV_1243
1.0499678146121663,OI_1305*/NV_1243
1.050160964288388,SiIV_1403/CII_1335*
1.050291932059448,FeII_2374/FeII_2261
1.050852912777599,OI_1306*/NV_1243
1.0511052828774823,SiIV_1403/CII_1334
1.0511785598966743,OI_1302/NV_1239
1.0517803573757663,FeII_1613*/SiII_1533*
1.052954472069745,SiII_1304/NV_1239
1.0533580884727156,OI_1305*/NV_1239
1.0535082072738977,SiII_1309*/NV_1243
1.0535141154123273,FeII_1608/SiII_1527
1.0539631988676574,FeII_2383/FeII_2261
1.054246044559251,OI_1306*/NV_1239
1.0553802391217386,FeII_2374/FeII_2250
1.0563961485557083,FeII_1613*/SiII_1527
1.056909912818857,SiII_1309*/NV_1239
1.0575573233504914,SiII_1808/NiII_1710
1.0587908600444302,CII_1334/SiII_1260
1.059069291968532,FeII_2383/FeII_2250
1.0597429387496033,CII_1335*/SiII_1260
1.0600198412698412,NiII_1710/FeII_1613*
1.062763219466542,SiII_1817*/NiII_1710
1.0629196717234517,NiII_1710/FeII_1608
1.0631141787552645,SiII_1818*/NiII_1710
1.0644619262201176,SiIV_1394/SiII_1309*
1.0649402847955904,AlIII_1855/NiII_1742
1.066569355980184,FeII_2411*/FeII_2261
1.0671516079632466,SiIV_1394/OI_1306*
1.0680511916621962,SiIV_1394/OI_1305*
1.068460594909537,SiIV_1394/SiII_1304
1.068676647451582,MnII_2577/FeII_2411*
1.0695911805236564,AlIII_1863/NiII_1742
1.0702657041929042,SiIV_1394/OI_1302
1.0713358283052012,SiIV_1403/SiII_1309*
1.0717365216231833,FeII_2411*/FeII_2250
1.0727408451872433,FeII_2587/FeII_2411*
1.0728179551122194,MgII_2796/MnII_2606
1.0737850016092694,CII_1334/NV_1243
1.0740428790199081,SiIV_1403/OI_1306*
1.074750563244287,CII_1335*/NV_1243
1.0749482718982297,SiIV_1403/OI_1305*
1.0753603189205765,SiIV_1403/SiII_1304
1.0754172755941853,MgII_2796/FeII_2600
1.0755802800690581,MgII_2804/MnII_2606
1.075975614813586,MnII_2594/FeII_2411*
1.07717708493319,SiIV_1403/OI_1302
1.077252179528576,CII_1334/NV_1239
1.0773794170750581,AlII_1671/CIV_1550
1.0777799190595492,MgII_2796/MnII_2594
1.0781862933620492,MgII_2804/FeII_2600
1.0782208588957056,CII_1335*/NV_1239
1.078339484925144,FeII_2600/FeII_2411*
1.079188735305516,AlII_1671/CIV_1548
1.0798611111111112,NiII_1742/FeII_1613*
1.0805550202351126,MgII_2804/MnII_2594
1.0809521834694977,MnII_2606/FeII_2411*
1.0810298836355203,MgII_2796/FeII_2587
1.081458787980527,MnII_2577/FeII_2383
1.082116351448408,SiII_1808/AlII_1671
1.0828152200945038,NiII_1742/FeII_1608
1.08381335292071,MgII_2804/FeII_2587
1.08487365465606,AlIII_1855/NiII_1710
1.0851410609647252,MgII_2796/MnII_2577
1.085238997683723,MnII_2577/FeII_2374
1.0855715964411614,FeII_2587/FeII_2383
1.0874431410102945,SiII_1817*/AlII_1671
1.0876637320163196,ZnII_2026/AlIII_1863
1.087802250418961,SiII_1818*/AlII_1671
1.0878660081597595,MgI_2026/AlIII_1863
1.0878784625295255,MgI_2026/AlIII_1863
1.0879351158368582,MgII_2804/MnII_2577
1.0884009410422757,SiII_1527/SiIV_1403
1.0888450562363605,MnII_2594/FeII_2383
1.0893661823541798,FeII_2587/FeII_2374
1.0896047997913134,AlII_1671/SiII_1533*
1.0896116050538138,AlIII_1863/NiII_1710
1.0907548358947012,FeII_2250/ZnII_2063
1.0910192997769375,FeII_2250/CrII_2062
1.0912371999328518,FeII_2600/FeII_2383
1.0924138674718282,ZnII_2026/AlIII_1855
1.0926170270124547,MgI_2026/AlIII_1855
1.0926295357739797,MgI_2026/AlIII_1855
1.0926510844388293,MnII_2594/FeII_2374
1.093177443501818,SiII_1533*/SiIV_1403
1.0938811482289743,MnII_2606/FeII_2383
1.0941496863298157,FeII_2250/CrII_2056
1.0943865854457326,AlII_1671/SiII_1527
1.0945571762900441,MgI_2853/MnII_2606
1.0950515898083806,FeII_2600/FeII_2374
1.095429432446007,SiII_1527/SiIV_1394
1.096039171959083,FeII_2261/ZnII_2063
1.096304917078848,FeII_2261/CrII_2062
1.097209168525498,MgI_2853/FeII_2600
1.0977047799536745,MnII_2606/FeII_2374
1.0992662742086854,MnII_2577/FeII_2344
1.0994504692895006,FeII_2261/CrII_2056
1.0996196878011177,MgI_2853/MnII_2594
1.100236779794791,SiII_1533*/SiIV_1394
1.1023987619293267,NiII_1710/CIV_1550
1.1029355085630341,MgI_2853/FeII_2587
1.1034468048801296,FeII_2587/FeII_2344
1.1037285235617025,CIV_1548/SiIV_1403
1.103875885763367,CrII_2056/AlIII_1863
1.104250096886707,NiII_1710/CIV_1548
1.1055820916803307,CIV_1550/SiIV_1403
1.1057600761662965,SiIV_1394/SiII_1260
1.1067741660267896,MnII_2594/FeII_2344
1.1070431608331543,CrII_2062/AlIII_1863
1.107129993402926,MgI_2853/MnII_2577
1.1073115739746617,ZnII_2063/AlIII_1863
1.108696824284251,CrII_2056/AlIII_1855
1.1092056991724255,FeII_2600/FeII_2344
1.1100670337562846,AlIII_1855/AlII_1671
1.1102393288921786,FeII_2250/MgI_2026
1.1102520394015862,FeII_2250/MgI_2026
1.1104585163614829,FeII_2250/ZnII_2026
1.1108559948338954,CIV_1548/SiIV_1394
1.1118779317409822,CrII_2062/AlIII_1855
1.111893183175497,MnII_2606/FeII_2344
1.1121475171186714,ZnII_2063/AlIII_1855
1.1127215326110353,CIV_1550/SiIV_1394
1.1129006664550936,SiIV_1403/SiII_1260
1.1147730398899587,ZnII_2026/SiII_1818*
1.1149080474761965,NiII_1710/SiII_1533*
1.1149150107732824,AlIII_1863/AlII_1671
1.1149803576341129,MgI_2026/SiII_1818*
1.1149931224209078,MgI_2026/SiII_1818*
1.1151411745280422,ZnII_2026/SiII_1817*
1.1153485607353184,MgI_2026/SiII_1817*
1.115361329737465,MgI_2026/SiII_1817*
1.115618060695781,FeII_2261/MgI_2026
1.115630832783282,FeII_2261/MgI_2026
1.115838310053798,FeII_2261/ZnII_2026
1.1198008777100936,NiII_1710/SiII_1527
1.1206305309734512,ZnII_2026/SiII_1808
1.1208389380530972,MgI_2026/SiII_1808
1.1208517699115044,MgI_2026/SiII_1808
1.121031746031746,SiII_1808/FeII_1613*
1.121419375603476,SiIV_1394/NV_1243
1.1230332731493422,NiII_1742/CIV_1550
1.1240984829644367,SiII_1808/FeII_1608
1.1249192610773802,NiII_1742/CIV_1548
1.125040361640297,SiIV_1394/NV_1239
1.1265500992063493,SiII_1817*/FeII_1613*
1.126922123015873,SiII_1818*/FeII_1613*
1.128661087866109,SiIV_1403/NV_1243
1.1296319323551356,SiII_1817*/FeII_1608
1.1300049738870928,SiII_1818*/FeII_1608
1.1313892709766162,CrII_2056/SiII_1818*
1.1317628928394519,CrII_2056/SiII_1817*
1.1323054568937683,SiIV_1403/NV_1239
1.1346354883081153,CrII_2062/SiII_1818*
1.1349105914718018,ZnII_2063/SiII_1818*
1.1350101821784357,CrII_2062/SiII_1817*
1.135285376190214,ZnII_2063/SiII_1817*
1.1357767053606365,NiII_1742/SiII_1533*
1.1364716148737093,FeII_2344/ZnII_2063
1.1367471632237416,FeII_2344/CrII_2062
1.1373340707964603,CrII_2056/SiII_1808
1.139817763623496,MnII_2577/FeII_2261
1.1400087535865386,FeII_2344/CrII_2056
1.1405973451327434,CrII_2062/SiII_1808
1.1407611187528655,NiII_1742/SiII_1527
1.1408738938053096,ZnII_2063/SiII_1808
1.1429961817773453,SiII_1527/CII_1335*
1.144023979018359,SiII_1527/CII_1334
1.1441525123849963,FeII_2587/FeII_2261
1.1453397928796836,MnII_2577/FeII_2250
1.1466457546160975,FeII_1608/SiIV_1403
1.1476026185421089,MnII_2594/FeII_2261
1.1480122782061841,SiII_1533*/CII_1335*
1.1490445859872611,SiII_1533*/CII_1334
1.1496955420240897,FeII_2587/FeII_2250
1.1497825622014686,FeII_1613*/SiIV_1403
1.1499875992063493,AlIII_1855/FeII_1613*
1.150123849964614,FeII_2600/FeII_2261
1.1511610995297428,FeII_2374/ZnII_2063
1.151440209485016,FeII_2374/CrII_2062
1.152910474168436,MnII_2606/FeII_2261
1.1531335488684407,AlIII_1855/FeII_1608
1.1531623627716787,MnII_2594/FeII_2250
1.1540503695199829,FeII_1608/SiIV_1394
1.1547439575937362,FeII_2374/CrII_2056
1.1550099206349207,AlIII_1863/FeII_1613*
1.1551849517622534,FeII_2383/ZnII_2063
1.1554650373387647,FeII_2383/CrII_2062
1.1556958087026088,FeII_2600/FeII_2250
1.1567727609178386,FeII_2344/MgI_2026
1.156786004162495,FeII_2344/MgI_2026
1.157001135185825,FeII_2344/ZnII_2026
1.1572074334505273,FeII_1613*/SiIV_1394
1.158169609549863,AlIII_1863/FeII_1608
1.1584959331525846,MnII_2606/FeII_2250
1.158780333608909,FeII_2383/CrII_2056
1.1590926106161563,CIV_1548/CII_1335*
1.1596649110438353,MgII_2796/FeII_2411*
1.160134881978269,CIV_1548/CII_1334
1.1610391554989892,CIV_1550/CII_1335*
1.1620831772199325,CIV_1550/CII_1334
1.1626508522373822,MgII_2804/FeII_2411*
1.163355535140101,ZnII_2026/NiII_1742
1.1635718879191548,MgI_2026/NiII_1742
1.1635852090032155,MgI_2026/NiII_1742
1.1658498839308744,SiII_1808/CIV_1550
1.166042923699687,SiII_1527/SiII_1309*
1.1678077767730266,SiII_1808/CIV_1548
1.168989280245023,SiII_1527/OI_1306*
1.1690017937654533,FeII_2411*/ZnII_2063
1.169285229366696,FeII_2411*/CrII_2062
1.1699747107058012,SiII_1527/OI_1305*
1.170423183072677,SiII_1527/SiII_1304
1.1711601619185825,SiII_1533*/SiII_1309*
1.1715888573639412,SiII_1817*/CIV_1550
1.1717246484085861,FeII_2374/MgI_2026
1.1717380628290441,FeII_2374/MgI_2026
1.171955974532353,FeII_2374/ZnII_2026
1.1719757544493166,SiII_1818*/CIV_1550
1.1724005529104593,SiII_1527/OI_1302
1.1726401789622136,FeII_2411*/CrII_2056
1.1735353365788148,MgII_2796/FeII_2383
1.1735563880635578,SiII_1817*/CIV_1548
1.1739439348921328,SiII_1818*/CIV_1548
1.1741194486983155,SiII_1533*/OI_1306*
1.1751092037704038,SiII_1533*/OI_1305*
1.1755596442808953,SiII_1533*/SiII_1304
1.1758203799654579,FeII_2383/MgI_2026
1.1758338412756566,FeII_2383/MgI_2026
1.176052514683382,FeII_2383/ZnII_2026
1.176556991774383,MgII_2804/FeII_2383
1.1775456919060052,SiII_1533*/OI_1302
1.17763739734681,MgII_2796/FeII_2374
1.179079170470849,SiII_1808/SiII_1533*
1.180669614655717,MgII_2804/FeII_2374
1.1806959118052367,CrII_2056/NiII_1742
1.1824639120140534,CIV_1548/SiII_1309*
1.183163969642931,MgI_2853/FeII_2411*
1.1840836012861735,CrII_2062/NiII_1742
1.1842536189166175,SiII_1808/SiII_1527
1.1843706936150666,ZnII_2063/NiII_1742
1.184449705949744,CIV_1550/SiII_1309*
1.1848832659449589,SiII_1817*/SiII_1533*
1.185131024801123,ZnII_2026/NiII_1710
1.1852745532802922,SiII_1818*/SiII_1533*
1.1853514272344408,MgI_2026/NiII_1710
1.1853649976602714,MgI_2026/NiII_1710
1.1854517611026034,CIV_1548/OI_1306*
1.1864510690474366,CIV_1548/OI_1305*
1.1869058570990494,CIV_1548/SiII_1304
1.1874425727411944,CIV_1550/OI_1306*
1.1884435588934017,CIV_1550/OI_1305*
1.1888991107022384,CIV_1550/SiII_1304
1.1889110735678083,CIV_1548/OI_1302
1.189884036516161,FeII_2411*/MgI_2026
1.1898976588333015,FeII_2411*/MgI_2026
1.1900831859566385,SiII_1817*/SiII_1527
1.1901189477320964,FeII_2411*/ZnII_2026
1.1904761904761905,SiII_1818*/SiII_1527
1.1909076946705575,CIV_1550/OI_1302
1.191131389463178,AlII_1671/SiIV_1403
1.1928589710775532,MgII_2796/FeII_2344
1.1959303813667777,MgII_2804/FeII_2344
1.1959633737425845,AlIII_1855/CIV_1550
1.1973154608024172,MgI_2853/FeII_2383
1.1979718382637903,AlIII_1855/CIV_1548
1.1988232761713424,AlII_1671/SiIV_1394
1.201186484395151,AlIII_1863/CIV_1550
1.2015006443461782,MgI_2853/FeII_2374
1.2027959756668227,CrII_2056/NiII_1710
1.2032037204495543,AlIII_1863/CIV_1548
1.2041626113648274,FeII_1608/CII_1335*
1.2052454102660173,FeII_1608/CII_1334
1.2062470753392607,CrII_2062/NiII_1710
1.206539541413196,ZnII_2063/NiII_1710
1.2074567642434677,FeII_1613*/CII_1335*
1.2078054541550356,FeII_2250/AlIII_1863
1.208542525290371,FeII_1613*/CII_1334
1.2095343680709534,AlIII_1855/SiII_1533*
1.2112821326562995,SiII_1527/SiII_1260
1.2126526214986832,ZnII_2026/AlII_1671
1.2128781422073258,MgI_2026/AlII_1671
1.2128920277711277,MgI_2026/AlII_1671
1.2130802825254758,FeII_2250/AlIII_1855
1.213656860639897,FeII_2261/AlIII_1863
1.214816747097952,AlIII_1863/SiII_1533*
1.214842470688413,AlIII_1855/SiII_1527
1.2165979054268485,SiII_1533*/SiII_1260
1.2170306629127208,MgI_2853/FeII_2344
1.218792329079632,NiII_1710/SiIV_1403
1.2189572437590985,FeII_2261/AlIII_1855
1.2201480317023645,AlIII_1863/SiII_1527
1.2266628399225084,NiII_1710/SiIV_1394
1.228340209457315,CIV_1548/SiII_1260
1.2284357901512715,SiII_1527/NV_1243
1.2284426792942795,FeII_1608/SiII_1309*
1.2304030466518565,CIV_1550/SiII_1260
1.230727795068231,CrII_2056/AlII_1671
1.2315467075038287,FeII_1608/OI_1306*
1.231803253646987,FeII_1613*/SiII_1309*
1.2324023248304812,SiII_1527/NV_1239
1.2325848724040156,FeII_1608/OI_1305*
1.2330573443728918,FeII_1608/SiII_1304
1.2338268426134535,SiII_1533*/NV_1243
1.2342590375867848,CrII_2062/AlII_1671
1.2345582954273402,ZnII_2063/AlII_1671
1.234915773353752,FeII_1613*/OI_1306*
1.2351405314083859,FeII_1608/OI_1302
1.2359567782971874,FeII_1613*/OI_1305*
1.2364305427782887,FeII_1613*/SiII_1304
1.2368630573248407,MgII_2796/FeII_2261
1.2378107846302875,SiII_1533*/NV_1239
1.2379092159559835,FeII_2250/SiII_1818*
1.238318014200011,FeII_2250/SiII_1817*
1.238519428659192,FeII_1613*/OI_1302
1.2400477707006368,MgII_2804/FeII_2261
1.241605475155058,NiII_1742/SiIV_1403
1.2428552380105782,MgII_2796/FeII_2250
1.2439064649243468,FeII_2261/SiII_1818*
1.244317243656778,FeII_2261/SiII_1817*
1.2444137168141594,FeII_2250/SiII_1808
1.2457354361120052,CIV_1548/NV_1243
1.2460553802391217,MgII_2804/FeII_2250
1.2478274863212102,CIV_1550/NV_1243
1.2492849178261503,MnII_2577/ZnII_2063
1.2495878188342548,MnII_2577/CrII_2062
1.2496233048719236,NiII_1742/SiIV_1394
1.2497578301582177,CIV_1548/NV_1239
1.2504424778761063,FeII_2261/SiII_1808
1.2508796885528186,AlII_1671/CII_1335*
1.2518566354536649,CIV_1550/NV_1239
1.2520044960659422,AlII_1671/CII_1334
1.2531731751203616,MnII_2577/CrII_2056
1.2540359722693557,FeII_2587/ZnII_2063
1.254340025215789,FeII_2587/CrII_2062
1.2562624007936507,ZnII_2026/FeII_1613*
1.2564960317460316,MgI_2026/FeII_1613*
1.2565104166666667,MgI_2026/FeII_1613*
1.2578174237649684,MnII_2594/ZnII_2063
1.2579390166804452,FeII_2587/CrII_2056
1.2581223935602754,MnII_2594/CrII_2062
1.2584281726433326,FeII_2344/AlIII_1863
1.2596990798308878,ZnII_2026/FeII_1608
1.2599333499129568,MgI_2026/FeII_1608
1.2599477741855258,MgI_2026/FeII_1608
1.2605807921656083,FeII_2600/ZnII_2063
1.2608864319658617,FeII_2600/CrII_2062
1.2617322375139812,MnII_2594/CrII_2056
1.261926433121019,MgI_2853/FeII_2261
1.2636350414505262,MnII_2606/ZnII_2063
1.2639240847576425,FeII_2344/AlIII_1855
1.2639414217825624,MnII_2606/CrII_2062
1.2645042065846421,FeII_2600/CrII_2056
1.2675679618732674,MnII_2606/CrII_2056
1.2680400373349925,MgI_2853/FeII_2250
1.2716012830002468,MnII_2577/MgI_2026
1.271615840852459,MnII_2577/MgI_2026
1.2718523271309414,MnII_2577/ZnII_2026
1.2746940090186816,FeII_2374/AlIII_1863
1.2749875992063493,CrII_2056/FeII_1613*
1.2761017337508593,AlII_1671/SiII_1309*
1.2761028245001587,FeII_1608/SiII_1260
1.276437207007155,FeII_2587/MgI_2026
1.2764518202231576,FeII_2587/MgI_2026
1.2766892058634816,FeII_2587/ZnII_2026
1.2784755036060682,CrII_2056/FeII_1608
1.2786458333333333,CrII_2062/FeII_1613*
1.278955853174603,ZnII_2063/FeII_1613*
1.2791496671677047,FeII_2383/AlIII_1863
1.2793261868300152,AlII_1671/OI_1306*
1.2795937797524595,FeII_1613*/SiII_1260
1.2799281275735568,NiII_1710/CII_1335*
1.280260958645603,FeII_2374/AlIII_1855
1.2802862077473476,MnII_2594/MgI_2026
1.280300865028408,MnII_2594/MgI_2026
1.2804046287071804,AlII_1671/OI_1305*
1.2805389664873403,MnII_2594/ZnII_2026
1.2808954308494325,AlII_1671/SiII_1304
1.281079055826152,NiII_1710/CII_1334
1.2821437453369806,CrII_2062/FeII_1608
1.2824546132802783,ZnII_2063/FeII_1608
1.2830594378743663,AlII_1671/OI_1302
1.2830989390574883,FeII_2600/MgI_2026
1.283113628539937,FeII_2600/MgI_2026
1.2833522530970831,FeII_2600/ZnII_2026
1.2847360759152424,FeII_2383/AlIII_1855
1.2862077473476436,MnII_2606/MgI_2026
1.2862224724211007,MnII_2606/MgI_2026
1.2864616751394304,MnII_2606/ZnII_2026
1.288942753261567,SiII_1808/SiIV_1403
1.2897936726272352,FeII_2344/SiII_1818*
1.290219604821399,FeII_2344/SiII_1817*
1.2918580615525954,FeII_2250/NiII_1742
1.29417444480206,FeII_1608/NV_1243
1.294449216233627,FeII_2411*/AlIII_1863
1.2952876595137948,SiII_1817*/SiIV_1403
1.295715406002709,SiII_1818*/SiIV_1403
1.296570796460177,FeII_2344/SiII_1808
1.2972662696419601,SiII_1808/SiIV_1394
1.2977148374637915,FeII_1613*/NV_1243
1.2981166743224624,FeII_2261/NiII_1742
1.29835324507588,FeII_1608/NV_1239
1.300102442443522,FeII_2411*/AlIII_1855
1.3019050694220213,FeII_1613*/NV_1239
1.3036521489560164,SiII_1817*/SiIV_1394
1.303885603054578,NiII_1742/CII_1335*
1.3040826576738178,SiII_1818*/SiIV_1394
1.305058074185088,NiII_1742/CII_1334
1.3057358894065532,NiII_1710/SiII_1309*
1.30646492434663,FeII_2374/SiII_1818*
1.3064869744647924,ZnII_2026/CIV_1550
1.306729945834408,MgI_2026/CIV_1550
1.3067449058550427,MgI_2026/CIV_1550
1.3068963619351641,FeII_2374/SiII_1817*
1.3086810489600826,ZnII_2026/CIV_1548
1.3089244283684278,MgI_2026/CIV_1548
1.3089394135124661,MgI_2026/CIV_1548
1.3090352220520673,NiII_1710/OI_1306*
1.3101387079469689,NiII_1710/OI_1305*
1.3106409076970253,NiII_1710/SiII_1304
1.311031636863824,FeII_2383/SiII_1818*
1.311464582530684,FeII_2383/SiII_1817*
1.3128551681769312,NiII_1710/OI_1302
1.313329646017699,FeII_2374/SiII_1808
1.3160388394946188,FeII_2250/NiII_1710
1.317920353982301,FeII_2383/SiII_1808
1.321312116864484,ZnII_2026/SiII_1533*
1.3215578453110732,MgI_2026/SiII_1533*
1.3215729750880396,MgI_2026/SiII_1533*
1.3222356883153918,AlIII_1855/SiIV_1403
1.322414599906411,FeII_2261/NiII_1710
1.3256109171691526,AlII_1671/SiII_1260
1.3259607944286822,CrII_2056/CIV_1550
1.3267125171939478,FeII_2411*/SiII_1818*
1.3271107617737603,ZnII_2026/SiII_1527
1.3271506412020475,FeII_2411*/SiII_1817*
1.327357568612039,MgI_2026/SiII_1527
1.327372764786795,MgI_2026/SiII_1527
1.3280102659157338,AlIII_1863/SiIV_1403
1.3281875726650305,CrII_2056/CIV_1548
1.3297652824348722,CrII_2062/CIV_1550
1.330087696672685,ZnII_2063/CIV_1550
1.330176430153517,NiII_1742/SiII_1309*
1.3307741981775132,AlIII_1855/SiIV_1394
1.3319984498126856,CrII_2062/CIV_1548
1.332321405503165,ZnII_2063/CIV_1548
1.3335375191424195,NiII_1742/OI_1306*
1.3336836283185842,FeII_2411*/SiII_1808
1.33466165989731,NiII_1742/OI_1305*
1.335173259736277,NiII_1742/SiII_1304
1.3365860658678337,AlIII_1863/SiIV_1394
1.3374289663646137,NiII_1742/OI_1302
1.3410069127429243,CrII_2056/SiII_1533*
1.3443836498229804,AlII_1671/NV_1243
1.3448545715403677,CrII_2062/SiII_1533*
1.345180644319812,ZnII_2063/SiII_1533*
1.3460036747818098,FeII_2344/NiII_1742
1.3466004309312904,FeII_2250/AlII_1671
1.3468919892578766,CrII_2056/SiII_1527
1.3487245721666128,AlII_1671/NV_1239
1.3507565337001375,CrII_2062/SiII_1527
1.3510840374664308,ZnII_2063/SiII_1527
1.3531242518553988,FeII_2261/AlII_1671
1.353597364677697,SiII_1808/CII_1335*
1.35481453727988,SiII_1808/CII_1334
1.3556503611770983,MgII_2796/ZnII_2063
1.3559790514984,MgII_2796/CrII_2062
1.3563947953030782,NiII_1710/SiII_1260
1.3591409317884326,MgII_2804/ZnII_2063
1.359470468431772,MgII_2804/CrII_2062
1.3598696688226426,MgII_2796/CrII_2056
1.360260537545856,SiII_1817*/CII_1335*
1.3607097402111252,SiII_1818*/CII_1335*
1.3614837017609591,SiII_1817*/CII_1334
1.3619333083551892,SiII_1818*/CII_1334
1.363371103438214,MgII_2804/CrII_2056
1.363401469912724,FeII_2374/NiII_1742
1.3681672025723475,FeII_2383/NiII_1742
1.3711979410388395,FeII_2344/NiII_1710
1.375603476021886,NiII_1710/NV_1243
1.379197561911838,CaII_3935/MgI_2853
1.3798667653589933,MgII_2796/MgI_2026
1.3798825626821882,MgII_2796/MgI_2026
1.3800452050371328,NiII_1710/NV_1239
1.3801391836533243,MgII_2796/ZnII_2026
1.3808905522034676,SiII_1808/SiII_1309*
1.3817835607743572,NiII_1742/SiII_1260
1.3831208028312407,MgI_2853/ZnII_2063
1.3833476487008805,MnII_2577/AlIII_1863
1.383419689119171,MgII_2804/MgI_2026
1.3834355271178038,MgII_2804/MgI_2026
1.383456153622345,MgI_2853/CrII_2062
1.3836928088445783,MgII_2804/ZnII_2026
1.3843797856049005,SiII_1808/OI_1306*
1.3845314653192469,FeII_2411*/NiII_1742
1.3855467851942678,SiII_1808/OI_1305*
1.3860778902177244,SiII_1808/SiII_1304
1.3874256091037298,MgI_2853/CrII_2056
1.387688077598717,SiII_1817*/SiII_1309*
1.3881463377377226,SiII_1818*/SiII_1309*
1.3884195976040545,SiII_1808/OI_1302
1.3885603054578124,AlIII_1855/CII_1335*
1.3886085462744255,FeII_2587/AlIII_1863
1.3889213851193263,FeII_2374/NiII_1710
1.3893891195341566,MnII_2577/AlIII_1855
1.3898089171974524,AlIII_1855/CII_1334
1.3911944869831547,SiII_1817*/OI_1306*
1.3913954055518023,CaII_3970/MgI_2853
1.3916539050535988,SiII_1818*/OI_1306*
1.3923672312054562,SiII_1817*/OI_1305*
1.392795791281941,MnII_2594/AlIII_1863
1.3928270365545252,SiII_1818*/OI_1305*
1.3929009506286414,SiII_1817*/SiII_1304
1.3933609322293774,SiII_1818*/SiII_1304
1.3937763219466544,FeII_2383/NiII_1710
1.3946245414389458,AlIII_1863/CII_1335*
1.3946729929368629,FeII_2587/AlIII_1855
1.3950272817460319,FeII_2250/FeII_1613*
1.3952541852250038,SiII_1817*/OI_1302
1.3957149439410228,SiII_1818*/OI_1302
1.3958557010951256,FeII_2600/AlIII_1863
1.3958786062195578,AlIII_1863/CII_1334
1.3988435712509326,FeII_2250/FeII_1608
1.3988785248288131,MnII_2594/AlIII_1855
1.399237706678119,MnII_2606/AlIII_1863
1.4013517862890248,NiII_1742/NV_1243
1.4017857142857144,FeII_2261/FeII_1613*
1.4019517981344691,FeII_2600/AlIII_1855
1.403040459660043,FeII_2344/AlII_1671
1.4035313001605136,CaII_3935/MgII_2804
1.405348573893352,MnII_2606/AlIII_1855
1.4056204924148221,FeII_2261/FeII_1608
1.405876654827252,NiII_1742/NV_1239
1.407145156099131,CaII_3935/MgII_2796
1.4078279200592154,MgI_2853/MgI_2026
1.4078440374940389,MgI_2853/MgI_2026
1.4081058585459751,MgI_2853/ZnII_2026
1.4104468881609735,FeII_2411*/NiII_1710
1.415944355270198,CaII_3970/MgII_2804
1.4165584663560682,AlIII_1855/SiII_1309*
1.4178266850068777,MnII_2577/SiII_1818*
1.4182948979030217,MnII_2577/SiII_1817*
1.4195901727282478,CaII_3970/MgII_2796
1.4201378254211332,AlIII_1855/OI_1306*
1.4211754847977018,FeII_2374/AlII_1671
1.4213349681967966,AlIII_1855/OI_1305*
1.4218797914750076,AlIII_1855/SiII_1304
1.4227449782326433,AlIII_1863/SiII_1309*
1.4232187070151305,FeII_2587/SiII_1818*
1.4236887005338763,FeII_2587/SiII_1817*
1.4242819843342036,AlIII_1855/OI_1302
1.4252765486725665,MnII_2577/SiII_1808
1.426143164950922,FeII_2383/AlII_1671
1.4263399693721286,AlIII_1863/OI_1306*
1.4275103163686382,MnII_2594/SiII_1818*
1.4275423404092267,AlIII_1863/OI_1305*
1.4279817271176178,MnII_2594/SiII_1817*
1.4280895430849432,AlIII_1863/SiII_1304
1.4305022270004606,AlIII_1863/OI_1302
1.430646492434663,FeII_2600/SiII_1818*
1.4306969026548673,FeII_2587/SiII_1808
1.4311189388518903,FeII_2600/SiII_1817*
1.4341127922971115,MnII_2606/SiII_1818*
1.4344652491272611,SiII_1808/SiII_1260
1.4345863834002972,MnII_2606/SiII_1817*
1.4350110619469028,MnII_2594/SiII_1808
1.4381637168141592,FeII_2600/SiII_1808
1.4415264995239607,SiII_1817*/SiII_1260
1.4416482300884956,MnII_2606/SiII_1808
1.442002538876547,SiII_1818*/SiII_1260
1.443200861862581,FeII_2411*/AlII_1671
1.444428601981892,ZnII_2026/SiIV_1403
1.44469722677693,MgI_2026/SiIV_1403
1.4447137663078349,MgI_2026/SiIV_1403
1.4507995873097757,FeII_2250/CIV_1550
1.4532360160186022,FeII_2250/CIV_1548
1.4534970238095237,FeII_2344/FeII_1613*
1.4537561885628183,ZnII_2026/SiIV_1394
1.4540265480375976,MgI_2026/SiIV_1394
1.454043194374686,MgI_2026/SiIV_1394
1.4547795300933377,SiII_1808/NV_1243
1.4574732653568763,FeII_2344/FeII_1608
1.4578282176940935,FeII_2261/CIV_1550
1.4594769131417502,SiII_1808/NV_1239
1.4602764500710503,FeII_2261/CIV_1548
1.4619407788863856,SiII_1817*/NV_1243
1.4624235597038946,SiII_1818*/NV_1243
1.4659585085905753,CrII_2056/SiIV_1403
1.4666612851146272,SiII_1817*/NV_1239
1.4671456247981918,SiII_1818*/NV_1239
1.467262292943785,FeII_2250/SiII_1533*
1.4701646823982317,CrII_2062/SiIV_1403
1.4705211378056604,ZnII_2063/SiIV_1403
1.471516978736909,AlIII_1855/SiII_1260
1.4722842261904763,FeII_2374/FeII_1613*
1.473701447566647,FeII_2250/SiII_1527
1.4743706795356724,FeII_2261/SiII_1533*
1.475425127358829,CrII_2056/SiIV_1394
1.4763118627207161,FeII_2374/FeII_1608
1.4774305555555558,FeII_2383/FeII_1613*
1.4779435099968263,AlIII_1863/SiII_1260
1.479616444648599,MnII_2577/NiII_1742
1.4796584630838772,CrII_2062/SiIV_1394
1.4800172203487119,ZnII_2063/SiIV_1394
1.4808410296718413,FeII_2261/SiII_1527
1.4814722705794579,FeII_2383/FeII_1608
1.4852434542949011,FeII_2587/NiII_1742
1.4897220946256318,MnII_2594/NiII_1742
1.4923559703894433,AlIII_1855/NV_1243
1.4929949471750115,FeII_2600/NiII_1742
1.4951016865079367,FeII_2411*/FeII_1613*
1.496612310519063,MnII_2606/NiII_1742
1.4971746851792058,AlIII_1855/NV_1239
1.4988735114258127,AlIII_1863/NV_1243
1.499191743347426,FeII_2411*/FeII_1608
1.5011273351943313,MgII_2796/AlIII_1863
1.5037132709073298,AlIII_1863/NV_1239
1.504992484432038,MgII_2804/AlIII_1863
1.5073116518483858,MnII_2577/NiII_1710
1.5076831832641397,MgII_2796/AlIII_1855
1.5096105889123346,CaII_3935/MnII_2606
1.511565212702863,MgII_2804/AlIII_1855
1.5116069125612586,FeII_2344/CIV_1550
1.5130439868975198,FeII_2587/NiII_1710
1.513268210137682,CaII_3935/FeII_2600
1.5141454592429917,FeII_2344/CIV_1548
1.516592792445558,CaII_3935/MnII_2594
1.516882533503032,ZnII_2026/CII_1335*
1.5171646327768211,MgI_2026/CII_1335*
1.5171820019465447,MgI_2026/CII_1335*
1.5176064576509125,MnII_2594/NiII_1710
1.5182465342825027,ZnII_2026/CII_1334
1.5185288872236793,MgI_2026/CII_1334
1.5185462720119896,MgI_2026/CII_1334
1.5209405708937762,FeII_2600/NiII_1710
1.5211659643561297,CaII_3935/FeII_2587
1.5229618262037214,CaII_3970/MnII_2606
1.5246256434253627,MnII_2606/NiII_1710
1.5266517960156911,CaII_3970/FeII_2600
1.5269509876207847,CaII_3935/MnII_2577
1.5287596191469934,FeII_2344/SiII_1533*
1.5300057814607824,CaII_3970/MnII_2594
1.531145215372711,FeII_2374/CIV_1550
1.5315456731801589,MgI_2853/AlIII_1863
1.5337165740860355,FeII_2374/CIV_1548
1.534619399234546,CaII_3970/FeII_2587
1.5354686578895655,FeII_2344/SiII_1527
1.5364972917204025,FeII_2383/CIV_1550
1.5382343667439478,MgI_2853/AlIII_1855
1.5385419532324622,MgII_2796/SiII_1818*
1.5390500302713412,MgII_2796/SiII_1817*
1.5390776385479912,FeII_2383/CIV_1548
1.539492400988246,CrII_2056/CII_1335*
1.5404555861694282,CaII_3970/MnII_2577
1.5408767328587487,CrII_2056/CII_1334
1.5423150586545369,MnII_2577/AlII_1671
1.542503438789546,MgII_2804/SiII_1818*
1.5430128240409489,MgII_2804/SiII_1817*
1.543909560530059,CrII_2062/CII_1335*
1.5442838960844498,ZnII_2063/CII_1335*
1.5452978643686772,CrII_2062/CII_1334
1.5456725365305357,ZnII_2063/CII_1334
1.5466261061946904,MgII_2796/SiII_1808
1.5474681127319942,ZnII_2026/SiII_1309*
1.5477559000992898,MgI_2026/SiII_1309*
1.5477736194913314,MgI_2026/SiII_1309*
1.548180512329423,FeII_2587/AlII_1671
1.5485196295813224,FeII_2374/SiII_1533*
1.550608407079646,MgII_2804/SiII_1808
1.5513782542113324,ZnII_2026/OI_1306*
1.551666768759571,MgI_2026/OI_1306*
1.5516845329249618,MgI_2026/OI_1306*
1.5526860295808107,ZnII_2026/OI_1305*
1.5528489346420877,MnII_2594/AlII_1671
1.552974787340026,MgI_2026/OI_1305*
1.55299256648019,MgI_2026/OI_1305*
1.5532812020852498,ZnII_2026/SiII_1304
1.553570070530512,MgI_2026/SiII_1304
1.5535878564857404,MgI_2026/SiII_1304
1.5539324377200991,FeII_2383/SiII_1533*
1.5548749032757287,FeII_2411*/CIV_1550
1.5553153861269404,FeII_2374/SiII_1527
1.5559053908769773,ZnII_2026/OI_1302
1.5561947473506372,MgI_2026/OI_1302
1.5562125633543233,MgI_2026/OI_1302
1.5562604740244195,FeII_2600/AlII_1671
1.5574861129053095,FeII_2411*/CIV_1548
1.5600311228154178,MnII_2606/AlII_1671
1.5607519486474095,FeII_2383/SiII_1527
1.5697184484181568,MgI_2853/SiII_1818*
1.5702368209587758,MgI_2853/SiII_1817*
1.5705338730619416,CrII_2056/SiII_1309*
1.5725185861484283,FeII_2411*/SiII_1533*
1.5745022970903524,CrII_2056/OI_1306*
1.5750400977621628,CrII_2062/SiII_1309*
1.5754219812113341,ZnII_2063/SiII_1309*
1.5758295654839451,CrII_2056/OI_1305*
1.5764336093222937,CrII_2056/SiII_1304
1.5779664159292035,MgI_2853/SiII_1808
1.5790199081163858,CrII_2062/OI_1306*
1.5790969129166028,CrII_2056/OI_1302
1.5794027565084225,ZnII_2063/OI_1306*
1.5794196633261284,FeII_2411*/SiII_1527
1.580350984749789,CrII_2062/OI_1305*
1.5807341558740131,ZnII_2063/OI_1305*
1.5809567617295306,CrII_2062/SiII_1304
1.5813400797301438,ZnII_2063/SiII_1304
1.5836277069574565,CrII_2062/OI_1302
1.5840116725541389,ZnII_2063/OI_1302
1.5977802579365081,MnII_2577/FeII_1613*
1.60215120616762,MnII_2577/FeII_1608
1.6038566468253967,FeII_2587/FeII_1613*
1.6039780423469023,FeII_2250/SiIV_1403
1.6055925585668354,MgII_2796/NiII_1742
1.6075055537924468,ZnII_2026/SiII_1260
1.607804506505871,MgI_2026/SiII_1260
1.6078229133608377,MgI_2026/SiII_1260
1.6082442178562544,FeII_2587/FeII_1608
1.6086929563492065,MnII_2594/FeII_1613*
1.609726688102894,MgII_2804/NiII_1742
1.6117487702288444,FeII_2261/SiIV_1403
1.6122271825396826,FeII_2600/FeII_1613*
1.6130937577716984,MnII_2594/FeII_1608
1.614335940302791,FeII_2250/SiIV_1394
1.6161334325396826,MnII_2606/FeII_1613*
1.616637652325292,FeII_2600/FeII_1608
1.620554588410843,MnII_2606/FeII_1608
1.6221568486761857,FeII_2261/SiIV_1394
1.630270357257805,ZnII_2026/NV_1243
1.6305735436112005,MgI_2026/NV_1243
1.6305922111361442,MgI_2026/NV_1243
1.6314662012059664,CrII_2056/SiII_1260
1.6318168622734623,CaII_3935/FeII_2411*
1.635534388117533,ZnII_2026/NV_1239
1.6356457650912497,MgII_2796/NiII_1710
1.6358385534388118,MgI_2026/NV_1239
1.6358572812399097,MgI_2026/NV_1239
1.6361472548397331,CrII_2062/SiII_1260
1.6365439543002218,ZnII_2063/SiII_1260
1.6381277446026643,MgI_2853/NiII_1742
1.6398572765559196,MgII_2804/NiII_1710
1.6462489113756062,CaII_3970/FeII_2411*
1.6513345643780426,CaII_3935/FeII_2383
1.6545703250724173,CrII_2056/NV_1243
1.657106759317751,CaII_3935/FeII_2374
1.6593176697779208,CrII_2062/NV_1243
1.6597199871258448,ZnII_2063/NV_1243
1.6599128188569585,CrII_2056/NV_1239
1.6616584988393088,MnII_2577/CIV_1550
1.6644490375920424,MnII_2577/CIV_1548
1.6646754924120115,CrII_2062/NV_1239
1.6650791088149821,ZnII_2063/NV_1239
1.6659392311566223,CaII_3970/FeII_2383
1.6679778179004383,FeII_2587/CIV_1550
1.6687899391670566,MgI_2853/NiII_1710
1.6707789691254358,FeII_2587/CIV_1548
1.6712055321879231,FeII_2344/SiIV_1403
1.6717624763108023,CaII_3970/FeII_2374
1.6730074800103174,MnII_2594/CIV_1550
1.6736293990902562,MgII_2796/AlII_1671
1.6758170778969126,MnII_2594/CIV_1548
1.6766830023213823,FeII_2600/CIV_1550
1.6779387119942544,MgII_2804/AlII_1671
1.6785257230611725,CaII_3935/FeII_2344
1.6794987727683761,FeII_2600/CIV_1548
1.6805138907004042,MnII_2577/SiII_1533*
1.680745421717823,MnII_2606/CIV_1550
1.681997560450599,FeII_2344/SiIV_1394
1.6835680144684149,MnII_2606/CIV_1548
1.684435127648424,FeII_2250/CII_1335*
1.685949793930311,FeII_2250/CII_1334
1.686904917177514,FeII_2587/SiII_1533*
1.6878889107224733,MnII_2577/SiII_1527
1.6919916525368461,MnII_2594/SiII_1533*
1.6925956427341469,FeII_2261/CII_1335*
1.6928067298780922,FeII_2374/SiIV_1403
1.693370872792424,CaII_3970/FeII_2344
1.6941176470588237,FeII_2261/CII_1334
1.694307984541822,FeII_2587/SiII_1527
1.695708882222512,FeII_2600/SiII_1533*
1.6987238896414059,FeII_2383/SiIV_1403
1.6994170432959979,MnII_2594/SiII_1527
1.699817399243511,MnII_2606/SiII_1533*
1.7031505862317415,FeII_2600/SiII_1527
1.7037382506995766,FeII_2374/SiIV_1394
1.7072771336870374,MnII_2606/SiII_1527
1.7075432607134307,MgI_2853/AlII_1671
1.7096936212958314,FeII_2383/SiIV_1394
1.718399144581074,FeII_2250/SiII_1309*
1.7190418478648322,FeII_2411*/SiIV_1403
1.7227411944869833,FeII_2250/OI_1306*
1.7241934247835082,FeII_2250/OI_1305*
1.7248543391597668,FeII_2250/SiII_1304
1.7267242037730086,FeII_2261/SiII_1309*
1.7277683919520812,FeII_2250/OI_1302
1.7301427853914042,FeII_2411*/SiIV_1394
1.7310872894333844,FeII_2261/OI_1306*
1.7325465552915933,FeII_2261/OI_1305*
1.733210671573137,FeII_2261/SiII_1304
1.7338169642857144,MgII_2796/FeII_1613*
1.7361388419597605,FeII_2261/OI_1302
1.73828125,MgII_2804/FeII_1613*
1.738560059686645,MgII_2796/FeII_1608
1.7404458598726114,CaII_3935/FeII_2261
1.7430365580701317,MgII_2804/FeII_1608
1.7488777278990177,CaII_3935/FeII_2250
1.755034813206558,FeII_2344/CII_1335*
1.7558386411889595,CaII_3970/FeII_2261
1.7566129636568002,FeII_2344/CII_1334
1.7643450820036446,CaII_3970/FeII_2250
1.7689504464285715,MgI_2853/FeII_1613*
1.7737896543148468,MgI_2853/FeII_1608
1.7777195478026502,FeII_2374/CII_1335*
1.7793180966654178,FeII_2374/CII_1334
1.7839335180055402,FeII_2383/CII_1335*
1.785068232307204,FeII_2250/SiII_1260
1.785537654552267,FeII_2383/CII_1334
1.7904223630947833,FeII_2344/SiII_1309*
1.7937162805458584,FeII_2261/SiII_1260
1.7949464012251146,FeII_2344/OI_1306*
1.7964594988121692,FeII_2344/OI_1305*
1.7971481140754366,FeII_2344/SiII_1304
1.8001843034864073,FeII_2344/OI_1302
1.80313386639154,MgII_2796/CIV_1550
1.8052706446058246,FeII_2411*/CII_1335*
1.8061619945743446,MgII_2796/CIV_1548
1.806893967778194,FeII_2411*/CII_1334
1.8077766314160433,MgII_2804/CIV_1550
1.8103476021886065,FeII_2250/NV_1243
1.8108125565172457,MgII_2804/CIV_1548
1.813564500114565,FeII_2374/SiII_1309*
1.8161930900871812,FeII_2250/NV_1239
1.8181470137825422,FeII_2374/OI_1306*
1.8191181203733506,FeII_2261/NV_1243
1.8196796689401487,FeII_2374/OI_1305*
1.819903765370809,FeII_2383/SiII_1309*
1.8203771849126034,FeII_2374/SiII_1304
1.8234526186453692,FeII_2374/OI_1302
1.8235946263205947,MgII_2796/SiII_1533*
1.8245022970903524,FeII_2383/OI_1306*
1.8249919276719409,FeII_2261/NV_1239
1.8260403096022684,FeII_2383/OI_1305*
1.8267402637227845,FeII_2383/SiII_1304
1.8282900743445936,MgII_2804/SiII_1533*
1.8298264475502997,FeII_2383/OI_1302
1.8315975633719788,MgII_2796/SiII_1527
1.8363136176066024,MgII_2804/SiII_1527
1.8370998788051616,MnII_2577/SiIV_1403
1.83967196285788,MgI_2853/CIV_1550
1.841671121973574,FeII_2411*/SiII_1309*
1.8427614520087843,MgI_2853/CIV_1548
1.8440864047907606,FeII_2587/SiIV_1403
1.8463246554364474,FeII_2411*/OI_1306*
1.847881063683041,FeII_2411*/OI_1305*
1.848589389757743,FeII_2411*/SiII_1304
1.848963191504628,MnII_2577/SiIV_1394
1.8496471091466458,MnII_2594/SiIV_1403
1.8517124865612042,FeII_2411*/OI_1302
1.8537107007913307,FeII_2600/SiIV_1403
1.8559948338953862,FeII_2587/SiIV_1394
1.8582020389249305,MnII_2606/SiIV_1403
1.859885750555379,FeII_2344/SiII_1260
1.860547332724664,MgI_2853/SiII_1533*
1.8615914472268063,MnII_2594/SiIV_1394
1.8656812800459208,FeII_2600/SiIV_1394
1.8687124385930438,MgI_2853/SiII_1527
1.870201621582837,MnII_2606/SiIV_1394
1.8839257378609964,FeII_2374/SiII_1260
1.8862246540070806,FeII_2344/NV_1243
1.8905109489051095,FeII_2383/SiII_1260
1.8923151436874395,FeII_2344/NV_1239
1.9075968390943912,CaII_3935/ZnII_2063
1.9080593540878676,CaII_3935/CrII_2062
1.910605085291278,FeII_2374/NV_1243
1.9131228181529674,FeII_2411*/SiII_1260
1.913534017409911,CaII_3935/CrII_2056
1.9167742977074589,FeII_2374/NV_1239
1.917283553266817,FeII_2383/NV_1243
1.9234743299967714,FeII_2383/NV_1239
1.9244679303825085,CaII_3970/ZnII_2063
1.9249345359324994,CaII_3970/CrII_2062
1.9292505802201092,MnII_2577/CII_1335*
1.9304576180518405,CaII_3970/CrII_2056
1.9309853877856875,MnII_2577/CII_1334
1.936587557086172,FeII_2587/CII_1335*
1.9383289621581115,FeII_2587/CII_1334
1.9402156420984875,FeII_2411*/NV_1243
1.9416728349370838,CaII_3935/MgI_2026
1.9416950640638966,CaII_3935/MgI_2026
1.9420561670203842,CaII_3935/ZnII_2026
1.942427191734671,MnII_2594/CII_1335*
1.9441738478831023,MnII_2594/CII_1334
1.9464804649660965,FeII_2411*/NV_1239
1.9466946170547277,FeII_2600/CII_1335*
1.9484451105282876,FeII_2600/CII_1334
1.9514112450400538,MnII_2606/CII_1335*
1.9531659797677032,MnII_2606/CII_1334
1.9588452997779422,CaII_3970/MgI_2026
1.958867725502705,CaII_3970/MgI_2026
1.9592320221114456,CaII_3970/ZnII_2026
1.9681509203391125,MnII_2577/SiII_1309*
1.97312404287902,MnII_2577/OI_1306*
1.9747873400260556,MnII_2577/OI_1305*
1.9755443115608708,MnII_2577/SiII_1304
1.97563583594287,FeII_2587/SiII_1309*
1.9788818921824605,MnII_2577/OI_1302
1.9806278713629402,FeII_2587/OI_1306*
1.9815932177499427,MnII_2594/SiII_1309*
1.9822974940608473,FeII_2587/OI_1305*
1.9830573443728914,FeII_2587/SiII_1304
1.9859466890704955,FeII_2600/SiII_1309*
1.986407617877438,FeII_2587/OI_1302
1.9866003062787136,MnII_2594/OI_1306*
1.9882749635987431,MnII_2594/OI_1305*
1.9890371051824591,MnII_2594/SiII_1304
1.9907584205300544,MnII_2606/SiII_1309*
1.9909647779479325,FeII_2600/OI_1306*
1.9923974811856857,MnII_2594/OI_1302
1.9926431144148975,FeII_2600/OI_1305*
1.9934069303894508,FeII_2600/SiII_1304
1.993512511584801,MgII_2796/SiIV_1403
1.9957886676875958,MnII_2606/OI_1306*
1.9967746889878666,FeII_2600/OI_1302
1.9974710705801209,MnII_2606/OI_1305*
1.9982367371971785,MnII_2606/SiII_1304
1.9986454694517715,MgII_2804/SiIV_1403
